https://security-hub.ncsc.admin.ch/#/posts/12713	200	2026-06-20T04:10:39Z
https://security-hub.ncsc.admin.ch/#/posts/12720	200	2026-06-20T04:10:39Z
https://www.ptc.com/en/about/trust-center/advisory-center/active-advisories/windchill-flexplm-rce-vulnerability	200	2026-06-20T04:10:39Z
https://www.heise.de/en/news/PTC-Windchill-BSI-calls-admins-at-night-due-to-critical-security-vulnerability-11338329.html	200	2026-06-20T04:10:39Z
https://wid.cert-bund.de/portal/wid/securityadvisory?name=WID-SEC-2026-2013	200	2026-06-20T04:10:39Z
https://www.cisa.gov/news-events/ics-advisories/icsa-26-169-01	200	2026-06-20T04:10:39Z
https://www.welivesecurity.com/en/eset-research/killing-me-gently-inside-gentlemens-edr-killer-framework/	200	2026-06-20T04:10:52Z
https://www.proofpoint.com/us/blog/threat-insight/sayonara-socgholish-operation-endgame-disrupts-major-cybercrime-operation	200	2026-06-20T04:10:52Z
https://www.shadowserver.org/news/socgholish-compromised-wordpress-sites-special-report/	200	2026-06-20T04:10:52Z
https://ps.tc/pages/blog-usbliter8.html	200	2026-06-20T04:10:52Z
https://thehackernews.com/2026/06/unpatchable-usbliter8-exploit-breaks.html	200	2026-06-20T04:10:52Z
https://thehackernews.com/2026/06/the-gentlemen-raas-uses-gentlekiller.html	200	2026-06-20T04:10:52Z
https://thehackernews.com/2026/06/operation-endgame-disrupts-socgholish.html	200	2026-06-20T04:10:52Z
https://www.microsoft.com/en-us/security/blog/2026/06/18/autojack-single-page-rce-host-running-ai-agent/	200	2026-06-20T04:10:52Z
https://www.heise.de/en/news/PTC-Windchill-BSI-calls-admins-at-night-due-to-critical-security-vulnerability-11338329.html	200	2026-06-20T04:10:52Z
https://www.microsoft.com/en-us/security/blog/2026/06/17/postinstall-payload-inside-mastra-npm-supply-chain-compromise/	200	2026-06-20T04:10:52Z
https://windowsnews.ai/article/cisa-flags-critical-98-severity-code-execution-flaw-in-aver-ptc-cameras-used-worldwide.427802	200	2026-06-20T04:10:52Z
https://security-hub.ncsc.admin.ch/#/posts/12713	200	2026-06-20T04:10:52Z
https://security-hub.ncsc.admin.ch/#/posts/12720	200	2026-06-20T04:10:52Z
https://piunikaweb.com/2026/06/18/chrome-security-update-june-2026-7-critical-fixes/	200	2026-06-20T04:10:52Z
https://wid.cert-bund.de/portal/wid/securityadvisory?name=WID-SEC-2026-2013	200	2026-06-20T04:10:52Z
https://github.com/gogs/gogs/security/advisories/GHSA-268j-37xf-pp52	200	2026-06-20T04:10:52Z
https://snyk.io/blog/a-forgotten-contributor-account-compromised-the-entire-mastra-npm-package-scope/	200	2026-06-20T04:11:20Z
https://www.helpnetsecurity.com/2026/06/18/eset-gentlemen-edr-killers/	200	2026-06-20T04:11:20Z
https://www.bleepingcomputer.com/news/security/law-enforcement-nukes-socgholish-malware-from-nearly-15-000-sites/	200	2026-06-20T04:11:20Z
https://thehackernews.com/2026/06/unpatchable-usbliter8-exploit-breaks.html	200	2026-06-20T04:11:24Z
https://ps.tc/pages/blog-usbliter8.html	200	2026-06-20T04:11:24Z
https://github.com/prdgmshift/usbliter8	200	2026-06-20T04:11:24Z
https://thehackernews.com/2026/06/autojack-attack-lets-one-web-page.html	200	2026-06-20T04:11:24Z
https://www.microsoft.com/en-us/security/blog/2026/06/18/autojack-single-page-rce-host-running-ai-agent/	200	2026-06-20T04:11:24Z
https://thehackernews.com/2026/06/dragonforce-hackers-abuse-microsoft.html	200	2026-06-20T04:11:24Z
https://www.security.com/threat-intelligence/dragonforce-msteams-backdoor	200	2026-06-20T04:11:24Z
https://www.bleepingcomputer.com/news/security/ransomware-gang-abuses-microsoft-teams-relays-to-hide-malicious-traffic/	200	2026-06-20T04:11:24Z
https://www.securityweek.com/microsoft-teams-relay-servers-abused-in-dragonforce-ransomware-attack/	200	2026-06-20T04:11:24Z
https://www.microsoft.com/en-us/security/blog/2026/06/17/postinstall-payload-inside-mastra-npm-supply-chain-compromise/	200	2026-06-20T04:11:24Z
https://snyk.io/blog/a-forgotten-contributor-account-compromised-the-entire-mastra-npm-package-scope/	200	2026-06-20T04:11:24Z
https://krebsonsecurity.com/2026/06/popa-botnet-linked-to-publicly-traded-israeli-firm/	200	2026-06-20T04:11:24Z
https://therecord.media/mackay-sugar-cyberattack-claimed-gentlemen	200	2026-06-20T04:11:24Z
https://www.welivesecurity.com/en/eset-research/killing-me-gently-inside-gentlemens-edr-killer-framework/	200	2026-06-20T04:11:24Z
https://krebsonsecurity.com/2026/06/who-runs-the-ransomware-group-the-gentlemen/	200	2026-06-20T04:11:24Z
https://therecord.media/britain-nation-state-cyberattacks-richard-horne-rusi	200	2026-06-20T04:11:24Z
https://thehackernews.com/2026/06/inc-ransomware-claims-830-victims-since.html	200	2026-06-20T04:11:24Z
https://www.ncsc.gov.uk/news/ncsc-ceo-hostile-states-linked-to-three-quarters-of-cyber-attacks	200	2026-06-20T04:11:46Z
https://www.acronis.com/en/tru/posts/from-emerging-threat-to-top-tier-ransomware-as-a-service-the-evolution-of-inc-ransomware/	200	2026-06-20T04:11:46Z
https://chromereleases.googleblog.com/2026/06/stable-channel-update-for-desktop_0153744567.html	200	2026-06-20T04:12:21Z
https://appleinsider.com/articles/26/06/18/a12-a13-apple-devices-face-an-unpatchable-securerom-vulnerability	200	2026-06-20T04:12:21Z
https://www.securityweek.com/fortibleed-86000-fortinet-device-credentials-compromised/	200	2026-06-20T04:12:50Z
https://www.bleepingcomputer.com/news/security/cisa-warns-fortinet-users-to-secure-devices-after-fortibleed-leak/	200	2026-06-20T04:12:50Z
https://www.bleepingcomputer.com/news/security/nintendo-confirms-data-stolen-in-webmd-subsidiary-cyberattack/	200	2026-06-20T04:13:30Z
https://www.securityweek.com/kodak-admits-data-breach-after-shinyhunters-hack-claims/	200	2026-06-20T04:13:30Z
https://www.malwarebytes.com/blog/news/2026/06/kodak-confirms-breach-as-shinyhunters-leak-threat-reaches-deadline	200	2026-06-20T04:13:30Z
https://www.edpb.europa.eu/news/news/2026/edpb-meets-eu-commissioner-mcgrath-and-adopts-common-data-breach-notification_en	403	2026-06-20T04:13:30Z
https://privacymatters.dlapiper.com/2026/06/eu-edpb-common-template-for-breach-notifications-welcome-alignment-or-further-complexity/	200	2026-06-20T04:13:30Z
https://advisories.ncsc.nl/advisory?id=NCSC-2026-0198	200	2026-06-20T04:14:38Z
https://advisory.splunk.com/advisories/SVD-2026-0601	200	2026-06-20T04:14:38Z
https://www.technadu.com/nintendo-confirms-tinypulse-data-stolen-in-shadowbyt3-extortion-attack/629628/	200	2026-06-20T04:15:16Z
