https://cert.europa.eu/publications/security-advisories-rss	200	2026-06-13T11:33:10Z
https://security-hub.ncsc.admin.ch/#/posts/12627	200	2026-06-13T11:33:12Z
https://security-hub.ncsc.admin.ch/#/posts/12622	200	2026-06-13T11:33:12Z
https://wid.cert-bund.de/content/public/securityAdvisory/rss	200	2026-06-13T11:33:13Z
https://www.cert.ssi.gouv.fr/avis/feed/	200	2026-06-13T11:33:20Z
https://advisories.ncsc.nl/rss/advisories	200	2026-06-13T11:33:25Z
https://security-hub.ncsc.admin.ch/#/posts/12627	200	2026-06-13T11:34:00Z
https://mariadb.com/docs/server/security/cve/community-server	200	2026-06-13T11:34:30Z
https://jira.mariadb.org/browse/MDEV-39721	200	2026-06-13T11:35:00Z
https://cve.threatint.eu/CVE/CVE-2026-6552	200	2026-06-13T11:35:10Z
https://www.cert.ssi.gouv.fr/avis/CERTFR-2026-AVI-0717/	200	2026-06-13T11:35:15Z
https://openssl-library.org/news/secadv/20260609.txt	200	2026-06-13T11:35:30Z
https://advisories.ncsc.nl/advisory?id=NCSC-2026-0191	200	2026-06-13T11:35:40Z
https://www.cisa.gov/known-exploited-vulnerabilities-catalog	200	2026-06-13T11:36:25Z
https://euvd.enisa.europa.eu/enisa/eu_vulnerability_database/	200	2026-06-13T11:36:25Z
https://cert.europa.eu/publications/security-advisories	200	2026-06-13T11:36:25Z
https://advisories.ncsc.nl/rss/advisories	200	2026-06-13T11:36:25Z
https://security-hub.ncsc.admin.ch/#/dashboard	200	2026-06-13T11:36:25Z
https://isc.sans.edu/rssfeed.xml	200	2026-06-13T11:36:25Z
https://feeds.feedburner.com/TheHackersNews	200	2026-06-13T11:36:25Z
https://wid.cert-bund.de/portal/wid/securityadvisory	200	2026-06-13T11:36:25Z
https://www.sonatype.com/blog/atomic-arch-npm-campaign-adds-malicious-dependency	200	2026-06-13T11:36:25Z
https://docs.gitlab.com/releases/patches/patch-release-gitlab-19-0-2-released/	200	2026-06-13T11:36:25Z
https://horizon3.ai/attack-research/disclosures/cve-2026-48558-simplehelp-authentication-bypass-iocs/	200	2026-06-13T11:36:25Z
https://simple-help.com/security/simplehelp-security-update-2026-05	200	2026-06-13T11:36:25Z
https://www.bleepingcomputer.com/news/security/over-400-arch-linux-packages-compromised-to-push-rootkit-infostealer/	200	2026-06-13T11:36:25Z
https://www.sygnia.co/blog/operation-highland-velvet-ant/	200	2026-06-13T11:36:25Z
https://mariadb.com/docs/server/security/cve/community-server	200	2026-06-13T11:36:25Z
https://security-hub.ncsc.admin.ch/#/posts/12627	200	2026-06-13T11:36:25Z
https://cloud.google.com/blog/topics/threat-intelligence/shinyhunters-targets-education-sector-oracle-exploit/	200	2026-06-13T11:36:25Z
https://research.checkpoint.com/2026/from-sqli-to-rce-exploiting-langgraphs-checkpointer/	200	2026-06-13T11:36:25Z
https://thehackernews.com/2026/06/langgraph-flaw-chain-exposes-self.html	200	2026-06-13T11:36:25Z
https://thehackernews.com/2026/06/china-linked-hackers-backdoored-linux.html	200	2026-06-13T11:36:25Z
https://thehackernews.com/2026/06/over-400-arch-linux-aur-packages.html	200	2026-06-13T11:36:25Z
https://thehackernews.com/2026/06/agentjacking-attack-tricks-ai-coding.html	200	2026-06-13T11:36:25Z
https://cloud.google.com/blog/topics/threat-intelligence/shinyhunters-targets-education-sector-oracle-exploit/	200	2026-06-13T11:37:09Z
https://thehackernews.com/2026/06/shinyhunters-exploits-oracle-peoplesoft.html	200	2026-06-13T11:37:09Z
https://www.helpnetsecurity.com/2026/06/11/oracle-peoplesoft-under-attack-cve-2026-35273/	200	2026-06-13T11:37:09Z
https://www.securityweek.com/university-of-nottingham-confirms-breach-after-hackers-leak-data/	200	2026-06-13T11:37:09Z
https://www.nottingham.ac.uk/currentstudents/news/student-and-alumni-data-has-been-compromised-in-a-data-security-incident	200	2026-06-13T11:37:09Z
https://www.bleepingcomputer.com/news/security/nottingham-university-data-breach-affects-over-450-000-students/	200	2026-06-13T11:37:09Z
https://thehackernews.com/2026/06/interpol-takes-down-sniper-dz-phishing.html	200	2026-06-13T11:37:09Z
https://blog.google/innovation-and-ai/technology/safety-security/combatting-ai-scams/	200	2026-06-13T11:37:09Z
https://thehackernews.com/2026/06/google-sues-chinese-smishing-network.html	200	2026-06-13T11:37:09Z
https://cloud.google.com/blog/topics/threat-intelligence/shinyhunters-targets-education-sector-oracle-exploit/	200	2026-06-13T11:38:37Z
https://www.rapid7.com/blog/post/etr-active-exploitation-of-oracle-peoplesoft-zero-day-cve-2026-35273/	200	2026-06-13T11:38:37Z
https://thehackernews.com/2026/06/shinyhunters-exploits-oracle-peoplesoft.html	200	2026-06-13T11:38:37Z
https://thehackernews.com/2026/06/china-linked-hackers-backdoored-linux.html	200	2026-06-13T11:38:37Z
https://www.sygnia.co/blog/operation-highland-velvet-ant/	403	2026-06-13T11:38:37Z
https://www.sonatype.com/blog/atomic-arch-npm-campaign-adds-malicious-dependency	200	2026-06-13T11:38:37Z
https://ioctl.fail/preliminary-analysis-of-aur-malware/	200	2026-06-13T11:38:37Z
https://www.bleepingcomputer.com/news/security/over-400-arch-linux-packages-compromised-to-push-rootkit-infostealer/	200	2026-06-13T11:38:37Z
https://research.checkpoint.com/2026/from-sqli-to-rce-exploiting-langgraphs-checkpointer/	200	2026-06-13T11:38:37Z
https://tenetsecurity.ai/blog/agentjacking-coding-agents-with-fake-sentry-errors/	403	2026-06-13T11:38:37Z
https://www.oracle.com/security-alerts/alert-cve-2026-35273.html	200	2026-06-13T11:38:50Z
https://www.sygnia.co/blog/china-nexus-threat-group-velvet-ant/	200	2026-06-13T11:38:50Z
https://thehackernews.com/2026/06/google-sues-chinese-smishing-network.html	200	2026-06-13T11:39:30Z
https://research.checkpoint.com/2026/from-sqli-to-rce-exploiting-langgraphs-checkpointer/	200	2026-06-13T11:39:30Z
https://blog.google/innovation-and-ai/technology/safety-security/combatting-ai-scams/	200	2026-06-13T11:39:40Z
https://www.novonordisk.com/news-and-media/latest-news/incident-update.html	200	2026-06-13T11:39:45Z
https://www.novonordisk.com/news-and-media/news-and-ir-materials/news-details.html?id=916571	200	2026-06-13T11:39:45Z
https://www.bleepingcomputer.com/news/security/pharmaceutical-giant-novo-nordisk-discloses-security-breach/	200	2026-06-13T11:39:45Z
https://www.theregister.com/security/2026/06/12/novo-nordisk-says-hackers-stole-clinical-trial-data/5254812	200	2026-06-13T11:39:45Z
https://therecord.media/south-korea-data-breach-record-fine-coupang	200	2026-06-13T11:39:45Z
https://www.bleepingcomputer.com/news/security/south-korea-hits-coupang-with-record-409-million-fine-over-data-breach/	200	2026-06-13T11:39:45Z
https://www.rapid7.com/blog/post/etr-active-exploitation-of-oracle-peoplesoft-zero-day-cve-2026-35273/	200	2026-06-13T11:39:45Z
https://www.oracle.com/security-alerts/alert-cve-2026-35273.html	200	2026-06-13T11:39:45Z
https://www.maine.gov/ag/news-and-library/press-releases/statement-office-maine-attorney-general-abuse-data-breach-reporting	200	2026-06-13T11:40:00Z
https://www.bleepingcomputer.com/news/security/maine-disables-data-breach-notification-portal-after-fake-disclosures/	200	2026-06-13T11:40:00Z
https://www.bleepingcomputer.com/news/security/servicenow-discloses-security-incident-exposing-customer-data/	200	2026-06-13T11:40:00Z
https://www.bleepingcomputer.com/news/security/japanese-energy-firm-loses-drive-with-data-of-109-million-clients/	200	2026-06-13T11:40:10Z
https://www.privacyguides.org/news/2026/06/12/data-breach-roundup-june-5-11-2026/	200	2026-06-13T11:40:10Z
