https://thehackernews.com/2026/06/cisa-adds-exploited-ptc-windchill-rce.html	200	2026-06-27T04:09:40Z
https://nvd.nist.gov/vuln/detail/CVE-2026-12569	200	2026-06-27T04:09:40Z
https://thehackernews.com/2026/06/new-linux-pedit-cow-exploit-enables.html	200	2026-06-27T04:09:40Z
https://thehackernews.com/2026/06/fbi-warns-russian-intelligence-hackers.html	200	2026-06-27T04:09:40Z
https://securelist.com/strikeshark-campaign/120326/	200	2026-06-27T04:09:40Z
https://blog.checkpoint.com/security/check-point-releases-important-hotfix-for-vulnerabilities-in-deprecated-ikev1-vpn-protocol	200	2026-06-27T04:09:40Z
https://research.jfrog.com/post/dissecting-and-exploiting-linux-lpe-variant-dirtyclone-cve-2026-43503/	200	2026-06-27T04:09:40Z
https://nvd.nist.gov/vuln/detail/CVE-2026-43503	200	2026-06-27T04:09:40Z
https://nvd.nist.gov/vuln/detail/CVE-2026-46331	200	2026-06-27T04:09:40Z
https://nvd.nist.gov/vuln/detail/CVE-2026-50751	200	2026-06-27T04:09:40Z
https://www.ic3.gov/PSA/2026/PSA260626	200	2026-06-27T04:09:40Z
https://www.microsoft.com/en-us/security/blog/2026/06/25/photo-zip-campaign-targeting-hospitality-industry-delivers-node-js-implant-persistent-access/	200	2026-06-27T04:09:40Z
https://thehackernews.com/2026/06/miasma-malware-targets-npm-packages-and.html	200	2026-06-27T04:09:40Z
https://thehackernews.com/2026/06/google-details-turlas-new-stockstay.html	200	2026-06-27T04:09:40Z
https://therecord.media/feed	200	2026-06-27T04:09:58Z
https://news.risky.biz/rss/	200	2026-06-27T04:09:58Z
https://feeds.feedburner.com/TheHackersNews	200	2026-06-27T04:09:58Z
https://www.infosecurity-magazine.com/rss/news/	200	2026-06-27T04:09:58Z
https://securityaffairs.com/feed	200	2026-06-27T04:09:58Z
https://www.securityweek.com/feed/	200	2026-06-27T04:09:58Z
https://www.infosecurity-magazine.com/news/cmc-analysis-education-canvas-data/	200	2026-06-27T04:09:58Z
https://www.computerweekly.com/news/366645159/Canvas-breach-hit-160-UK-unis-but-caused-limited-damage	200	2026-06-27T04:09:58Z
https://securityaffairs.com/194266/security/third-party-breach-at-polymarket-leads-to-2-94m-crypto-theft.html	200	2026-06-27T04:09:58Z
https://securityaffairs.com/194237/data-breach/tata-electronics-confirms-data-breach-after-630gb-leak-claim-targets-apple-and-tesla.html	200	2026-06-27T04:09:58Z
https://ico.org.uk/action-weve-taken/enforcement/2026/05/south-staffordshire-plc-and-south-staffordshire-water-plc/	200	2026-06-27T04:09:58Z
https://ico.org.uk/about-the-ico/media-centre/news-and-blogs/2026/05/fine-of-nearly-1m-issued-against-south-staffordshire-plc-and-south-staffordshire-water-plc/	200	2026-06-27T04:09:58Z
https://therecord.media/uk-water-company-had-hackers-lurking-for-years	200	2026-06-27T04:09:58Z
https://www.infosecurity-magazine.com/news/kddi-breach-japanese-telcos/	200	2026-06-27T04:09:58Z
https://www.securityweek.com/more-klue-breach-victims-identified-as-hackers-get-hacked/	200	2026-06-27T04:09:58Z
https://techcrunch.com/2026/06/25/polymarket-says-hackers-stole-users-funds/	200	2026-06-27T04:09:58Z
https://techcrunch.com/2026/06/22/tata-electronics-a-major-tech-supplier-to-apple-and-tesla-confirms-data-breach/	200	2026-06-27T04:09:58Z
https://www.instructure.com/incident_update	200	2026-06-27T04:09:58Z
https://www.infosecurity-magazine.com/news/increase-ransomware-europe/	200	2026-06-27T04:09:58Z
https://cloud.google.com/blog/topics/threat-intelligence/stockstay-turla-intelligence-gathering	200	2026-06-27T04:10:06Z
https://socket.dev/blog/miasma-mini-shai-hulud-hits-leoplatform-npm-packages-go-ecosystem	200	2026-06-27T04:10:06Z
https://www.microsoft.com/en-us/security/blog/2026/06/24/stealc-and-amadey-breaking-down-infostealers-and-the-cybercrime-services-that-deliver-them/	200	2026-06-27T04:10:06Z
https://support.checkpoint.com/results/sk/sk185033	200	2026-06-27T04:10:18Z
https://research.jfrog.com/post/dissecting-and-exploiting-linux-lpe-variant-dirtyclone-cve-2026-43503/	200	2026-06-27T04:10:18Z
https://www.ic3.gov/PSA/2026/PSA260626	200	2026-06-27T04:10:18Z
https://cloud.google.com/blog/topics/threat-intelligence/stockstay-turla-intelligence-gathering	200	2026-06-27T04:18:00Z
https://www.ic3.gov/PSA/2026/PSA260626	200	2026-06-27T04:19:00Z
https://access.redhat.com/security/vulnerabilities/RHSB-2026-008	200	2026-06-27T04:20:00Z
https://www.wiz.io/blog/amazon-q-vulnerability	200	2026-06-27T04:21:00Z
https://socket.dev/blog/miasma-mini-shai-hulud-hits-leoplatform-npm-packages-go-ecosystem	200	2026-06-27T04:22:00Z
https://securelist.com/strikeshark-campaign/120326/	200	2026-06-27T04:23:00Z
https://citizenlab.ca/research/russia-breaks-into-human-rights-activists-phone-with-cellebrite/	200	2026-06-27T04:24:00Z
https://research.jfrog.com/post/dissecting-and-exploiting-linux-lpe-variant-dirtyclone-cve-2026-43503/	200	2026-06-27T04:25:00Z
https://www.microsoft.com/en-us/security/blog/2026/06/25/photo-zip-campaign-targeting-hospitality-industry-delivers-node-js-implant-persistent-access/	200	2026-06-27T04:26:00Z
https://nvd.nist.gov/vuln/detail/CVE-2026-46331	200	2026-06-27T04:27:00Z
https://unit42.paloaltonetworks.com/cl-sta-1062-tinyrct-backdoor/	200	2026-06-27T04:40:00Z
https://therecord.media/russia-turla-espionage-ukraine-stockstay-malware	200	2026-06-27T04:41:00Z
https://isc.sans.edu/diary/33102	200	2026-06-27T04:50:00Z
https://securelist.com/strikeshark-campaign/120326/	200	2026-06-27T04:51:00Z
https://www.ic3.gov/PSA/2026/PSA260626	200	2026-06-27T04:17:16Z
https://research.jfrog.com/post/dissecting-and-exploiting-linux-lpe-variant-dirtyclone-cve-2026-43503/	200	2026-06-27T04:17:16Z
https://thehackernews.com/2026/06/new-dirtyclone-linux-kernel-flaw-lets.html	200	2026-06-27T04:17:16Z
https://wid.cert-bund.de/portal/wid/securityadvisory?name=WID-SEC-2026-2091	200	2026-06-27T04:17:16Z
https://wid.cert-bund.de/portal/wid/securityadvisory?name=WID-SEC-2026-2077	200	2026-06-27T04:17:16Z
https://blog.powerdns.com/2026/06/25/powerdns-security-advisory-2026-08-for-powerdns-recursor/	200	2026-06-27T04:17:16Z
https://blog.powerdns.com/2026/06/25/powerdns-dnsdist-1.9.15-and-2.0.7-released-security-release/	200	2026-06-27T04:17:16Z
https://www.securityweek.com/gitlab-patches-code-execution-information-disclosure-vulnerabilities/	200	2026-06-27T04:17:16Z
https://advisories.ncsc.nl/advisory?id=NCSC-2026-0211	200	2026-06-27T04:17:16Z
https://docs.gitlab.com/releases/patches/patch-release-gitlab-19-1-1-released/	200	2026-06-27T04:17:16Z
https://cloud.google.com/blog/topics/threat-intelligence/zero-day-exploitation-cisco-catalyst-sd-wan-manager	200	2026-06-27T04:17:16Z
https://security-hub.ncsc.admin.ch/#/posts/12579	200	2026-06-27T04:17:16Z
https://thehackernews.com/2026/06/the-gentlemen-ransomware-claims-478.html	200	2026-06-27T04:17:16Z
https://www.inside-it.ch/aufstrebende-ransomware-bande-findet-mehr-schweizer-opfer-20260626	200	2026-06-27T04:17:16Z
https://thehackernews.com/2026/06/fbi-warns-russian-intelligence-hackers.html	200	2026-06-27T04:17:16Z
